title;price;link
Кухонный смеситель IMPRESE Daicy 55009B-F;5 796;https://santehsvit.ua/product/kuhonnyj-smesitel-imprese-daicy-55009b-f/
Набор смесителей HANSGROHE Logis Loop 1132019 (71150000+15348000+26553400);8 238;https://santehsvit.ua/product/kuhonnyj-smesitel-imprese-daicy-55009b-f/
Набор смесителей GROHE Bau Classic 123867S (23162000+32867000+27598001);5 247;https://santehsvit.ua/product/nabor-smesitelej-hansgrohe-logis-loop-1132019-711500001534800026553400/
Смеситель для душа GROHE 2904200B (29042000+26358000);4 125;https://santehsvit.ua/product/nabor-smesitelej-hansgrohe-logis-loop-1132019-711500001534800026553400/
Смеситель для душа ASIGNATURA Elegant (55503800);1 705;https://santehsvit.ua/product/nabor-smesitelej-grohe-bau-classic-123867s-231620003286700027598001/
Смеситель для ванны ASIGNATURA Elegant (55502800);2 294;https://santehsvit.ua/product/nabor-smesitelej-grohe-bau-classic-123867s-231620003286700027598001/
Смеситель для умывальника ASIGNATURA Elegant (55521600);2 459;https://santehsvit.ua/product/smesitel-dlya-dusha-grohe-2904200b-2904200026358000/
Смеситель для умывальника ASIGNATURA Elegant (55501600);1 639;https://santehsvit.ua/product/smesitel-dlya-dusha-grohe-2904200b-2904200026358000/
Смеситель для ванны PAFFONI Light (LIG015NO);5 806;https://santehsvit.ua/product/smesitel-dlya-dusha-asignatura-elegant-55503800/
Смеситель для умывальника PAFFONI Light (LIG075NO);5 398;https://santehsvit.ua/product/smesitel-dlya-dusha-asignatura-elegant-55503800/
Смеситель для умывальника PAFFONI Light (LIG006NO70);4 959;https://santehsvit.ua/product/smesitel-dlya-vanny-asignatura-elegant-55502800/
Смеситель для умывальника PAFFONI Ringo (RIN075NO);4 879;https://santehsvit.ua/product/smesitel-dlya-vanny-asignatura-elegant-55502800/
Смеситель для ванны PAFFONI Elle (EL015NO-M);6 534;https://santehsvit.ua/product/smesitel-dlya-umyvalnika-asignatura-elegant-55521600/
Смеситель для ванны PAFFONI Light (LIG023NO);10 936;https://santehsvit.ua/product/smesitel-dlya-umyvalnika-asignatura-elegant-55521600/
Смеситель для умывальника PAFFONI Light (LIG071CR);3 369;https://santehsvit.ua/product/smesitel-dlya-umyvalnika-asignatura-elegant-55501600/
Смеситель для биде PAFFONI Light (LIG135NO);5 490;https://santehsvit.ua/product/smesitel-dlya-umyvalnika-asignatura-elegant-55501600/
Кухонный смеситель PAFFONI Light (LIG280NO);5 751;https://santehsvit.ua/product/smesitel-dlya-vanny-paffoni-light-lig015no/
Смеситель для умывальника PAFFONI Light (LIG007CR70);4 009;https://santehsvit.ua/product/smesitel-dlya-vanny-paffoni-light-lig015no/
Смеситель для умывальника PAFFONI Light (LIG007NO70);5 212;https://santehsvit.ua/product/smesitel-dlya-umyvalnika-paffoni-light-lig075no/
Смеситель для биде PAFFONI Light (LIG131CR);3 436;https://santehsvit.ua/product/smesitel-dlya-umyvalnika-paffoni-light-lig075no/
Смеситель для умывальника PAFFONI Light (LIG081CR);5 407;https://santehsvit.ua/product/smesitel-dlya-umyvalnika-paffoni-light-lig006no70/
Шланговое подсоединение PAFFONI ZACC130NO;506;https://santehsvit.ua/product/smesitel-dlya-umyvalnika-paffoni-light-lig006no70/
Донный клапан PAFFONI Light (ZSCA050NO);1 100;https://santehsvit.ua/product/smesitel-dlya-umyvalnika-paffoni-ringo-rin075no/
Набор смесителей ROZZY JENORI Butterfly (RBZ074-1-3-0511);1 708;https://santehsvit.ua/product/smesitel-dlya-umyvalnika-paffoni-ringo-rin075no/
